1,-40.29,-84.75,1.1,IOG.L
2,-50.15,-60.33,22.8,ANG.L
3,13.13,-64.03,23.86,CUN.R
4,-37.42,-13.33,-2.92,HES.L
5,-7.67,45.86,6.76,ACG.L
6,8.64,-35.93,46.93,PCUN.R
7,55.03,-47.23,40.93,IPL.R
8,-40.91,-20.48,53.66,PoCG.L
9,-19.77,-61.92,-26.79,LING.L
10,42.61,-54.39,-33.13,FFG.R
11,-58.67,-29.56,-3.12,MTG.L
12,27.14,59.37,-2.11,ORBmid.R
13,-5.57,12.52,49.57,SMA.L
14,52.81,-54.83,23.02,ANG.R
15,13.06,13.11,-7.11,OLF.R
16,-49.28,-65.06,-5.1,IOG.L
17,45.7,9.54,31.31,IFGoperc.R
18,11.25,-19.86,8.52,THA.R
19,-11.16,-66.44,22.02,CUN.L
20,-33.71,19.96,2.02,INS.L
21,-10.31,-37.59,68.67,PCL.L
22,6.79,43.31,5.33,ACG.R
23,-42.29,42.02,13.08,IFGtriang.L
24,-59.11,-26.68,15.62,STG.L
25,44.33,41.41,14.82,IFGtriang.R
26,43.05,-73.44,-11.09,IOG.R
27,-30.67,-4.67,-32.67,AMYG.L
28,29.39,-32.98,62.78,PoCG.R
29,-4.63,-17.05,34.95,DCG.L
30,-5.26,-28.42,-37.89,PHG.L
31,29.02,-54.44,59.11,SPG.R
32,42.95,10.28,-37.05,TPOmid.R
33,-57.4,-43.13,26.02,SMG.L
34,-45.66,8.55,31.4,IFGoperc.L
35,40.4,-4.66,10.37,ROL.R
36,-40.84,-52.26,-34.42,FFG.L
37,-13.79,-31.72,0.41,THA.L
38,42.04,24.37,37.39,MFG.R
39,62.02,-41.89,-8.48,MTG.R
40,-6.4,33,23.7,ACG.L
41,29.75,-39.38,-32.06,FFG.R
42,-28.78,50.44,-12.98,ORBmid.L
43,-39.71,6.18,-39.35,TPOmid.L
44,13.27,-94.02,1.76,CAL.R
45,-9.76,-17.49,10.03,THA.L
46,-5,-37.67,30.83,PCG.L
47,-14.57,13.22,-3.47,OLF.L
48,18.36,-33.89,-2.19,HIP.R
49,61.26,-20.23,-16.23,ITG.R
50,-28.71,-6.18,57.29,PreCG.L
51,-5.71,39.43,-12,REC.L
52,-8.16,-45.55,-39.43,FFG.L
53,44.42,30.37,-10.37,ORBinf.R
54,-9.57,-87.76,25,SOG.L
55,-5.89,17.37,32.95,SFGdor.L
56,-52.29,-50.05,41.71,IPL.L
57,-28.44,32,-15.56,ORBinf.L
58,-5.29,-52,15.74,PCG.L
59,36.07,18.09,3.12,INS.R
60,42.73,-19.48,53.2,PoCG.R
61,-39.36,21.01,41.71,MFG.L
62,33.29,-30.79,-16.75,FFG.R
63,-43.92,-52.08,-19.28,FFG.L
64,28.25,-0.34,56.21,PreCG.R
65,12.34,-44.19,67.43,PCL.R
66,61.12,-16.75,11.97,STG.R
67,-28.08,1.33,3.11,PUT.L
68,-5.75,-20.38,-8.38,THA.L
69,59.31,-43.62,10.28,MTG.R
70,-11.79,-70.02,5.81,CAL.L
71,29.21,25.03,-15.45,ORBinf.R
72,-57.15,-14.6,-16,ITG.L
73,-43.32,1.48,47.52,PreCG.L
74,-44.77,33.4,-8.63,ORBinf.L
75,31.04,55.25,14.24,ORBmid.R
76,-8.96,-33,45.04,DCG.L
77,16.59,-79.25,-29.22,LING.R
78,-41.5,13.56,-28.19,TPOmid.L
79,-6.2,0.8,41.6,DCG.L
80,-37.07,-70.67,-32.04,IOG.L
81,13.42,-77.19,38.55,CUN.R
82,-43.02,-66.47,39.74,ANG.L
83,46.8,7.96,-10.09,TPOsup.R
84,-13.09,6,13.55,CAU.L
85,46.34,-72.94,15.42,MOG.R
86,8.93,-43.59,-37.33,FFG.R
87,37.05,-12.25,-26.46,PHG.R
88,-58.51,-7.82,25.49,ROL.L
89,7.83,-73.81,5.75,CAL.R
90,-17.5,-15.59,69.64,PCL.L
91,-5.48,52.44,26.37,SFGmed.L
92,-19.22,-6.49,-16.29,AMYG.L
93,40.19,-42.52,48.35,IPL.R
94,13.09,-0.61,16.61,CAU.R
95,-26.76,12.19,55.61,PreCG.L
96,-29.73,-35.68,61.86,PoCG.L
97,-34.08,-80.96,25.65,MOG.L
98,59.33,-0.86,25.57,ROL.R
99,-58.57,-48.33,-8.62,MTG.L
100,47.44,-52.32,-17.09,FFG.R
101,-51.82,-2.97,-28.73,TPOsup.L
102,35.34,-86.19,9.21,MOG.R
103,-28.93,-39.62,-30.74,FFG.L
104,-10.22,62.56,13.89,SFGmed.L
105,17.3,-54.98,2.86,LING.R
106,27.82,34.94,41.33,SFGdor.R
107,54.47,-27.96,-0.6,MTG.R
108,-8.43,-93.06,1.11,CAL.L
109,-6.29,56.71,-8.57,ORBsupmed.L
110,30.29,6.83,-19.38,AMYG.R
111,-5.29,-24,66.45,PCL.L
112,-29.19,12.7,-17.19,TPOsup.L
113,42.45,49.81,-5.01,ORBmid.R
114,-26.25,-73.57,40.43,SOG.L
115,44,1.6,49.08,PreCG.R
116,-56.66,-28.38,36.42,SMG.L
117,-56.95,-48.18,8.7,MTG.L
118,20.32,-58.65,-25.7,LING.R
119,55.25,5.5,5.25,ROL.R
120,-18.19,-80.7,-31.11,IOG.L
121,-40.18,-12.77,12.41,HES.L
122,-28.12,-37.32,-11.88,FFG.L
123,-6.45,-14.04,51.92,DCG.L
124,28,44.18,-14.18,ORBsup.R
125,-30.87,38.64,33.27,MFG.L
126,35.46,-72.5,-30.88,IOG.R
127,30.17,18.17,52.04,SFGdor.R
128,60.88,-30.63,25.75,SMG.R
129,-44.89,-0.12,-14.83,TPOsup.L
130,-5.94,-2.32,-9.55,PAL.L
131,-26,-92.41,11.49,MOG.L
132,29.24,-67.33,46.71,SPG.R
133,-10.49,47.27,39.53,SFGmed.L
134,23.85,-12.88,67.12,SMA.R
135,14.82,14.69,6.75,CAU.R
136,-15.31,-65.63,55.43,SPG.L
137,40.24,-10.52,-4.68,HIP.R
138,21.65,-68.96,-11.87,LING.R
139,10.21,63.16,9.68,ORBsupmed.R
140,54.5,-2.8,-26.2,TPOsup.R
141,-49.85,23.54,8.77,IFGtriang.L
142,17.15,-89.05,21.65,CUN.R
143,52.94,-61.12,0.97,MTG.R
144,51.36,28.85,4.59,IFGtriang.R
145,-31.95,-20.69,-18.83,HIP.L
146,-56.93,-10.21,4.82,STG.L
147,-10.02,-74.85,40.23,CUN.L
148,-5.14,-3.62,3.43,PAL.L
149,-5.81,31.14,45.05,SFGdor.L
150,-46.81,-71.48,11.57,MOG.L
151,-44.78,27.17,25.76,IFGtriang.L
152,-5.67,-56.42,-13.17,LING.L
153,57.89,-7.12,-8.53,STG.R
154,-51.75,-13.68,39.85,PoCG.L
155,21,-11.56,-16.78,PHG.R
156,-34.55,-53.05,49.17,IPL.L
157,53.45,-11.15,38.81,PreCG.R
158,-21.5,-91.46,-12.71,IOG.L
159,-36.43,-77.53,-15.4,IOG.L
160,-5.12,20.16,-9.12,OLF.L
161,10.43,1.66,65.84,SMA.R
162,-11.49,-44.25,-24.35,FFG.L
163,9.86,-63.04,55.79,PCUN.R
164,51.47,21.25,20.57,IFGoperc.R
165,-54.16,7.63,17.26,IFGoperc.L
166,44.83,-64.45,38.91,ANG.R
167,-26.05,52.45,22.7,SFGmed.L
168,32.47,44.8,27.44,MFG.R
169,-41.06,49.43,-3.62,ORBmid.L
170,32.68,-77.53,30.34,SOG.R
171,-43.45,-37.29,48.05,IPL.L
172,27.82,-48.95,-13.61,FFG.R
173,-9.92,20.22,59.78,SMA.L
174,-7.49,-53.31,38.06,PCUN.L
175,30.17,-87.11,-11.16,IOG.R
176,-6.74,-63.43,-35.09,LING.L
177,-14.79,-74.07,-10.59,LING.L
178,26.41,1.47,-0.41,PUT.R
179,-13.91,-52.47,-1.15,LING.L
180,55.54,-28.76,43.37,SMG.R
181,45.09,13.89,-23.93,TPOsup.R
182,-10.15,1.05,65.85,SMA.L
183,-27.69,57.69,4.46,ORBmid.L
184,-47.23,5.41,2.14,INS.L
185,43.76,-24.49,15.59,HES.R
186,12.05,43.28,45.44,SFGdor.R
187,13.22,21.65,59.11,SFGdor.R
188,-18.96,-52.15,64.79,SPG.L
189,-27.56,-57.52,-13.72,LING.L
190,15.41,-33.36,-21.91,FFG.R
191,-21.96,30.71,46.93,SFGdor.L
192,-5.65,-78.09,-24.7,LING.L
193,14.61,56.78,28.83,SFGmed.R
194,-5.04,-29.33,-18.52,PHG.L
195,-4.89,-88.44,-14.22,CAL.L
196,-46.67,14.4,-11.95,TPOsup.L
197,-6.89,-52.89,57.22,PCUN.L
198,30.61,-0.73,-36.67,AMYG.R
199,-15.53,-29.77,-19.43,PHG.L
200,-43.09,-30.86,14.82,HES.L
